id,hedge_id,projet_id,projet,technologie,type_hedge,date_debut,date_fin,date_dementelement,puissance_installée,en_planif,profil,pct_couverture,contrepartie,pays_contrepartie
1,1,ALBE,Ally Bessadous,éolien,PPA,2005-12-25,2020-12-24,2028-06-30,8.7000,False,,1.0000,,
2,2,ALME,Ally Mercoeur,éolien,PPA,2005-12-25,2020-12-25,2028-06-30,5.7400,False,,1.0000,,
3,3,ALMO,Ally Monteil,éolien,PPA,2005-12-25,2020-12-26,2028-06-30,7.4600,False,,1.0000,,
4,4,ALVE,Ally Verseilles,éolien,PPA,2005-12-25,2020-12-27,2028-06-30,9.0300,False,,1.0000,,
5,5,ART1,Artois 1,éolien,OA,2017-11-21,2032-11-20,,13.1000,False,,1.0000,,
6,6,ART2,Artois 2,éolien,OA,2017-11-21,2032-11-20,,10.0000,False,,1.0000,,
7,7,AVI1,Avignonet,éolien,OA,2002-11-01,2017-10-31,,8.0000,False,,1.0000,,
8,8,AVI2,Avignonet II,éolien,OA,2008-12-29,2023-12-28,,4.6000,False,,1.0000,,
9,9,BTN1,Basse Thiérache Nord 1 ,éolien,CR16,2019-02-01,2034-01-31,,12.8000,False,,1.0000,,
10,10,BTN2,Basse Thiérache Nord 2,éolien,CR16,2019-02-01,2034-01-31,,7.0000,False,,1.0000,,
11,11,BASS,Bassigny,éolien,OA,2009-01-12,2024-01-11,,12.0000,False,,1.0000,,
12,12,BAZO,Bazougeais,éolien,CR17,2021-05-01,2041-04-30,,12.0000,False,,1.0000,,
13,13,PBBF,Blanches Fosses PBF ,éolien,CR17,2020-11-01,2040-10-31,,11.0000,False,,1.0000,,
14,14,GO01,Bois des Fontaines (BDF),éolien,CR,2022-09-01,2042-08-31,,25.2000,False,,1.0000,,
15,15,BSLL,Boralex Solaire Lauragais SAS,solaire,OA,2011-06-15,2031-06-14,,4.5000,False,,1.0000,,
16,16,BSLC,Boralex Solaire Les Cigalettes SAS (Montfort),solaire,OA,2015-09-29,2035-09-28,,9.8000,False,,1.0000,,
17,17,CALM,Calmont (Laur Eole Energie ),éolien,OA,2015-12-06,2030-12-05,,14.3500,False,,1.0000,,
18,18,CHL2,Cham Longe II,éolien,OA,2010-02-01,2025-01-31,2025-06-30,4.6000,False,,1.0000,,
19,19,CLRE,Cham Longe Repowering,éolien,CR,2021-01-01,2040-12-31,,35.3500,False,,1.0000,,
20,20,CHAR,Charmoy,éolien,OA,2011-07-08,2026-07-07,,10.0000,False,,1.0000,,
21,21,CHMA,Chasse Marée,éolien,OA,2010-10-01,2025-09-30,2026-06-30,9.2000,False,,1.0000,,
22,22,CHDG,Chemin de Grès,éolien,OA,2017-12-06,2032-12-05,,29.7000,False,,1.0000,,
23,23,CHEP,Chépy,éolien,PPA,2003-11-11,2018-11-10,,4.0000,False,,1.0000,,
24,24,COCO,Coat Conval,éolien,OA,2008-02-29,2023-02-27,,8.1000,False,,1.0000,,
25,25,CDAR,Comes de l'Arce,éolien,OA,2015-03-27,2030-03-26,,10.0000,False,,1.0000,,
26,26,COBL,Coteaux du Blaiseron,éolien,OA,2018-11-09,2033-11-08,,25.6000,False,,1.0000,,
27,27,COCL,Coulonges (CL),éolien,OA,2011-07-01,2026-06-30,,12.0000,False,,1.0000,,
28,28,COCP,Coulonges (CP),éolien,OA,2011-07-01,2026-06-30,,11.0000,False,,1.0000,,
29,29,CONT,Coulonges (NT),éolien,OA,2011-07-01,2026-06-30,,11.0000,False,,1.0000,,
30,30,ECO3,Extension plaine d'Escrebieux (XPE),éolien,CR,2021-09-01,2041-08-31,,13.8000,False,,1.0000,,
31,31,ESDB,Extension seuil de Bapaume (XSB),éolien,CR,2020-12-01,2040-11-30,,17.2500,False,,1.0000,,
32,32,FIER,Fierville,éolien,OA,2009-06-02,2024-06-01,2026-06-30,8.0000,False,,1.0000,,
33,33,FOPL,Fond de la Plaine,éolien,OA,2007-10-04,2022-10-03,2025-06-30,4.0000,False,,1.0000,,
34,34,FOR1,Fortel 1,éolien,OA,2014-11-15,2029-11-14,,11.4000,False,,1.0000,,
35,35,FOR2,Fortel 2,éolien,OA,2014-10-15,2029-10-14,,11.4000,False,,1.0000,,
36,36,HDCO,Haut de Comble (HC),éolien,OA,2018-11-05,2033-11-04,,19.8000,False,,1.0000,,
37,37,HDC1,Haut de Conge 1,éolien,OA,2010-08-02,2025-08-01,,9.3000,False,,1.0000,,
38,38,HDC2,Haut de Conge 2,éolien,OA,2013-04-17,2028-04-16,,3.0000,False,,1.0000,,
39,39,HDC3,Haut de Conge 3,éolien,OA,2010-08-02,2025-08-01,,9.3000,False,,1.0000,,
40,40,IDBO,Inter deux bos (MET),éolien,OA,2018-09-24,2033-09-23,,33.0000,False,,1.0000,,
41,41,LACI,La Citadelle,éolien,OA,2007-07-15,2022-07-14,2026-06-30,13.8000,False,,1.0000,,
42,42,ECO1,La Grande Borne (LGB),éolien,CR17,2021-12-01,2041-11-30,,8.8000,False,,1.0000,,
43,43,CATE,Le Catésis (CAT),éolien,CR17,2019-06-01,2039-05-31,,10.0000,False,,1.0000,,
44,44,LGCA,Le Grand Camp,éolien,OA,2010-10-01,2025-09-30,2026-06-30,10.0000,False,,1.0000,,
45,45,LEPE,Le Pelon,éolien,CR16,2019-01-01,2033-12-31,,10.0000,False,,1.0000,,
46,46,LEAG,Leign ar Gasprenn,éolien,OA,2008-12-31,2023-12-30,,8.0000,False,,1.0000,,
47,47,LCLE,Les Clérimois,éolien,OA,2011-03-21,2026-03-20,2027-06-30,8.0000,False,,1.0000,,
48,48,LEPA,Les Eparmonts,éolien,OA,2008-12-31,2023-12-30,2024-06-30,12.0000,False,,1.0000,,
49,49,LMDB,Les Moulins de Boulay,éolien,OA,2007-12-02,2022-12-01,2024-06-30,10.0000,False,,1.0000,,
50,50,MELC,Ménétréols Les chênes (La vallée 3),éolien,OA,2013-12-02,2028-12-01,,4.4000,False,,1.0000,,
51,51,MELI,Ménétréols Lizeray (La vallée 4),éolien,OA,2013-12-02,2028-12-01,,3.5000,False,,1.0000,,
52,52,MERE,Ménétréols Renardiére (La vallée 2),éolien,OA,2013-12-02,2022-06-30,2022-06-30,17.5000,False,,1.0000,,
53,53,MDB1,Monts de Bagny 1,éolien,OA,2017-08-01,2032-07-31,,14.8000,False,,1.0000,,
54,54,MDB2,Monts de Bagny 2,éolien,OA,2017-08-02,2032-07-31,,15.1000,False,,1.0000,,
55,55,MORL,Morlange,éolien,OA,2016-12-01,2031-11-30,,9.6000,False,,1.0000,,
56,56,NIBA,Nibas,éolien,PPA,2004-12-22,2019-12-21,,12.0000,False,,1.0000,,
57,57,NOYE,Noyers Bucamps NOB,éolien,CR16,2018-11-01,2033-10-31,,10.0000,False,,1.0000,,
58,58,PANN,Pannecé (BS),éolien,OA,2009-09-25,2024-09-24,2025-06-30,10.0000,False,,1.0000,,
59,59,PANV,Pannecé La Vallière,éolien,OA,2010-02-17,2025-02-16,2025-06-30,8.0000,False,,1.0000,,
60,60,XSAN,Parc du Santerre (XSAN),éolien,CR,2020-09-01,2040-08-31,,15.0000,False,,1.0000,,
61,61,PDO1,Pays d'Othe 1,éolien,OA,2014-10-29,2029-10-28,,8.0000,False,,1.0000,,
62,62,SE01,Peyrolles,solaire,CR,2021-10-01,2041-09-30,,14.6600,False,,1.0000,,
63,63,PDBE,Plaine de Beaunay,éolien,OA,2017-09-19,2032-09-18,,12.5000,False,,1.0000,,
64,64,PLAN,Plateau de Langres,éolien,OA,2009-08-12,2024-08-11,2026-07-01,12.0000,False,,1.0000,,
65,65,PDS1,Plateau de Savernat 1,éolien,OA,2016-11-24,2031-11-23,,12.0000,False,,1.0000,,
66,66,PDS2,Plateau de Savernat 2,éolien,OA,2017-05-24,2032-05-23,,4.0000,False,,1.0000,,
67,67,PLOU,Plouguin,éolien,PPA,2006-01-30,2021-01-29,2026-06-30,8.0000,False,,1.0000,,
68,68,KEI3,Repowering Bougainville (BGV-R),éolien,CR17,2022-12-01,2042-11-30,,18.0000,False,,1.0000,,
69,69,GO02,Repowering Evit Et Josaphats (EEJ-R),éolien,CR17,2022-06-01,2042-05-31,,14.4000,False,,1.0000,,
70,70,GO03,Repowering Reclainville (RCL-R),éolien,CR17,2022-06-01,2042-05-31,,14.4000,False,,1.0000,,
71,71,RON1,Ronchois 1,éolien,OA,2010-08-01,2025-07-31,2026-06-30,11.6000,False,,1.0000,,
72,72,RON2,Ronchois 2,éolien,OA,2010-08-01,2025-07-31,2026-06-30,5.7700,False,,1.0000,,
73,73,RON3,Ronchois 3,éolien,OA,2010-10-01,2025-09-30,2026-06-30,11.2000,False,,1.0000,,
74,74,STAN,Saint André,éolien,OA,2008-04-15,2023-04-14,2026-06-30,11.5000,False,,1.0000,,
75,75,AURA19,Saint Christophe - Clé des champs,solaire,CR,2021-11-01,2041-10-31,,12.5300,False,,1.0000,,
76,76,SDI1,SdlL1,éolien,OA,2011-08-08,2026-08-07,,13.0000,False,,1.0000,,
77,77,SDI2,SdlL2,éolien,OA,2011-08-08,2026-08-07,,5.0000,False,,1.0000,,
78,78,SCRI,Seuil du Cambrésis- Ribecourt (RIB),éolien,CR16,2019-12-01,2034-11-30,,24.1500,False,,1.0000,,
79,79,SDA1,Sources de l'Ancre 1 ,éolien,CR16,2019-01-01,2033-12-31,,10.9000,False,,1.0000,,
80,80,SDA2,Sources de l'Ancre 2,éolien,CR16,2019-01-01,2033-12-31,,14.7000,False,,1.0000,,
81,81,SFR2,St François Roye 2,éolien,OA,2015-02-18,2030-02-17,,11.4000,False,,1.0000,,
82,82,SFR3,St François Roye 3,éolien,OA,2015-03-13,2030-03-12,,11.4000,False,,1.0000,,
83,83,STGE,St Georges (La Vallée 1),éolien,OA,2013-12-02,2028-12-01,,4.2000,False,,1.0000,,
84,84,SPH,St Patrick Hermin,éolien,OA,2010-02-02,2025-02-01,2026-07-01,11.5000,False,,1.0000,,
85,85,SPP1,St Patrick Pernois 1,éolien,OA,2009-07-01,2024-06-30,2026-07-01,9.2000,False,,1.0000,,
86,86,SPP2,St Patrick Pernois 2,éolien,OA,2009-08-25,2024-08-24,2026-07-01,9.2000,False,,1.0000,,
87,87,SPP3,St Patrick Pernois 3,éolien,OA,2009-09-18,2024-09-17,2026-07-01,4.6000,False,,1.0000,,
88,88,TOUV,Touvent,éolien,OA,2016-08-01,2031-07-31,,13.8000,False,,1.0000,,
89,89,VAM1,Val au Moines 1,éolien,OA,2017-08-18,2032-08-17,,11.4000,False,,1.0000,,
90,90,VAM2,Val au Moines 2,éolien,OA,2017-08-18,2032-08-17,,5.3000,False,,1.0000,,
91,91,VAA1,Vallée d'Arce 1 (DR),éolien,OA,2009-12-02,2024-12-01,2027-06-30,13.0000,False,,1.0000,,
92,92,VAA2,Vallée d'Arce 2 (NY),éolien,OA,2009-10-09,2024-10-08,2027-06-30,6.6000,False,,1.0000,,
93,93,VAA3,Vallée d'Arce 3 (NU),éolien,OA,2009-10-09,2024-10-08,2027-06-30,13.0000,False,,1.0000,,
94,94,VDMO,Voie des monts,éolien,OA,2017-07-10,2032-07-09,,10.0000,False,,1.0000,,
95,95,VRON,Vron,éolien,OA,2013-09-15,2028-09-14,,8.0000,False,,1.0000,,
96,96,ZOND,Zondrange,éolien,OA,2016-12-01,2031-11-30,,12.5000,False,,1.0000,,
97,206,APV1,Agri-PV 1,solaire,CR,2027-09-01,2047-09-01,,1.4770,True,,1.0000,,
98,207,APV2,Agri-PV 2,solaire,CR,2027-09-01,2047-09-01,,1.4770,True,,1.0000,,
99,208,APV3,Agri-PV 3,solaire,CR,2027-09-01,2047-09-01,,1.4770,True,,1.0000,,
100,209,APV4,Agri-PV 4,solaire,CR,2027-09-01,2047-09-01,,1.4770,True,,1.0000,,
101,210,APV5,Agri-PV 5,solaire,CR,2027-09-01,2047-09-01,,1.4770,True,,1.0000,,
102,211,APV6,Agri-PV 6,solaire,CR,2028-09-01,2048-09-01,,1.4770,True,,1.0000,,
103,212,APV7,Agri-PV 7,solaire,CR,2028-09-01,2048-09-01,,1.4770,True,,1.0000,,
104,213,APV8,Agri-PV 8,solaire,CR,2028-09-01,2048-09-01,,1.4770,True,,1.0000,,
105,214,APV9,Agri-PV 9,solaire,CR,2028-09-01,2048-09-01,,1.4770,True,,1.0000,,
106,215,AURA01,Deux-Chaises et le Theil,éolien,CR,2027-10-01,2047-10-01,,15.2000,True,,1.0000,,
107,216,AURA02,Massif du Devès,éolien,CR,2025-08-01,2045-08-01,,12.8160,True,,1.0000,,
108,217,AURA03,Chazemais (Les Brandes),éolien,CR,2028-01-01,2048-01-01,,19.2000,True,,1.0000,,
109,218,AMI01,AO/AMI 2022-1,solaire,CR,2026-07-01,2046-07-01,,18.4680,True,,1.0000,,
110,219,AMI02,AO/AMI 2022-2,solaire,CR,2026-10-01,2046-10-01,,18.4680,True,,1.0000,,
111,220,AMI03,AO/AMI 2022-3,solaire,CR,2027-02-01,2047-02-01,,14.7740,True,,1.0000,,
112,221,SE14,Argilliers,solaire,CR,2025-07-01,2045-07-01,,18.4680,True,,1.0000,,
113,222,S14,Avignonet Barbette,solaire,CR,2025-05-01,2045-05-01,,7.6950,True,,1.0000,,
114,223,NGE6,Bachant,éolien,CR,2027-04-01,2047-04-01,,17.2800,True,,1.0000,,
115,224,AURA04,Blomard - BMF,éolien,CR,2028-04-01,2048-04-01,,16.0000,True,,1.0000,,
116,225,ECO5,Les Cent Mencaudées (SOL),éolien,CR,2024-01-01,2044-01-01,,15.0000,True,,1.0000,,
117,226,GE2,Bonnecourt-Chauffourt,éolien,CR,2030-07-01,2050-07-01,,16.5600,True,,1.0000,,
118,227,S13,Bram,solaire,CR,2025-07-01,2045-07-01,,6.1560,True,,1.0000,,
119,228,ECO8,Bois de St-Aubert (WAL)*,éolien,CR,2024-01-01,2044-01-01,,18.0000,True,,1.0000,,
120,229,GO08,Canville-les-deux-eglises (co-dev KDE),éolien,CR,2027-01-01,2047-01-01,,14.4000,True,,1.0000,,
121,230,AURA05,Prospection PV AURA - 5,solaire,CR,2026-08-01,2046-08-01,,6.1560,True,,1.0000,,
122,231,S09,Extension Avignonet,solaire,CR,2024-03-01,2044-03-01,,11.8500,True,,1.0000,,
123,232,AURA06,Saint-Angel,éolien,CR,2027-11-01,2047-11-01,,11.5200,True,,1.0000,,
124,233,AURA08,Forêt de Bauzon,éolien,CR,2027-08-01,2047-08-01,,22.4000,True,,1.0000,,
125,234,AURA09,Extension Sources de la Loire,éolien,CR,2026-01-01,2046-01-01,,9.6000,True,,1.0000,,
126,235,S15,Crayssac,solaire,CR,2025-12-01,2045-12-01,,8.0030,True,,1.0000,,
127,236,AURA10,Sainte-Eulalie,éolien,CR,2028-10-01,2048-10-01,,9.2160,True,,1.0000,,
128,237,SE12,Estézargues (PV),solaire,CR,2025-06-01,2045-06-01,,9.2340,True,,1.0000,,
129,238,N16,Moulin Blanc,éolien,CR,2024-03-01,2044-03-01,,25.6000,True,,1.0000,,
130,239,N12,Extension Fortel (XFB-62),éolien,CR,2025-12-01,2045-12-01,,14.4000,True,,1.0000,,
131,240,GO21,Extension Grand Camp,éolien,CR,2026-07-01,2046-07-01,,9.6000,True,,1.0000,,
132,241,ECO7,Extension La Chaussée Brunehaut (XLCB),éolien,CR,2027-10-01,2047-10-01,,5.2800,True,,1.0000,,
133,242,GO27,Extension Plaine de Beaunay,éolien,CR,2026-11-01,2046-11-01,,14.4000,True,,1.0000,,
134,243,AURA13,Prospection PV MC - 3,solaire,CR,2026-07-01,2046-07-01,,6.1560,True,,1.0000,,
135,244,N2,Febvin-Palfart Fiefs (FPF),éolien,CR,2027-04-01,2047-04-01,,10.2350,True,,1.0000,,
136,245,EC2,Fermes de Septenville (BOC),éolien,CR,2027-04-01,2047-04-01,,12.2820,True,,1.0000,,
137,246,GO11,FEVA (Co-Dev Nordex),éolien,CR,2026-11-01,2046-11-01,,7.2000,True,,1.0000,,
138,247,S18,Fond de plaine (Repowering),éolien,CR,2025-11-01,2045-11-01,,4.3200,True,,1.0000,,
139,248,GE1,Eparmonts-Repowering,éolien,CR,2024-05-01,2044-05-01,,13.2000,True,,1.0000,,
140,249,AURA14,Coucouron (Laoune),solaire,CR,2025-01-01,2045-01-01,,7.6950,True,,1.0000,,
141,250,N1,Helfaut (SSO),éolien,CR,2024-06-01,2044-06-01,,20.0000,True,,1.0000,,
142,251,AURA15,Trizac,éolien,CR,2026-08-01,2046-08-01,,42.7200,True,,1.0000,,
143,252,SE09,Heintz (PV),solaire,CR,2025-12-01,2045-12-01,,15.3900,True,,1.0000,,
144,253,NGE1,Repowering Boulay,éolien,CR,2024-08-01,2044-08-01,,12.4600,True,,1.0000,,
145,254,GO32,Igoville Lafarge,solaire,CR,2026-01-01,2046-01-01,,9.2340,True,,1.0000,,
146,255,B3,baurèch,solaire,CR,2026-06-01,2046-06-01,,6.1560,True,,1.0000,,
147,256,AURA16,Cézens,éolien,CR,2027-11-01,2047-11-01,,19.2000,True,,1.0000,,
148,257,N10,Le Moulin d'Hestrus (LMH-62),éolien,CR,2025-12-01,2045-12-01,,9.6000,True,,1.0000,,
149,258,AURA17,Saint-Cernin,éolien,CR,2029-05-01,2049-05-01,,10.8000,True,,1.0000,,
150,259,ECO4,Mont de Bagny II (XMB),éolien,CR,2024-11-01,2044-11-01,,13.3500,True,,1.0000,,
151,260,SE07,Mazagran,solaire,PPA,2024-09-01,2044-09-01,,81.5670,True,,1.0000,,
152,261,S12,Mas Saintes-Puelles,solaire,CR,2026-01-01,2046-01-01,,6.1560,True,,1.0000,,
153,262,SE11,Cruis,solaire,CR,2024-12-01,2044-12-01,,12.6630,True,,1.0000,,
154,263,ECO9,Seuil du Cambrésis (RIB2),éolien,CR,2024-12-01,2044-12-01,,11.8600,True,,1.0000,,
155,264,EC1,Frégicourt (COM),éolien,CR,2025-02-01,2045-02-01,,12.8000,True,,1.0000,,
156,265,S11,Miremont,solaire,CR,2027-03-01,2047-03-01,,8.5500,True,,1.0000,,
157,266,GE3,Vallée de l'Arce Extension,éolien,CR,2024-11-01,2044-11-01,,28.8000,True,,1.0000,,
158,267,SE10,Montagne d'Aureille,éolien,CR,2027-12-01,2047-12-01,,14.4000,True,,1.0000,,
159,268,AURA22,Chazottes / Rageade,éolien,CR,2024-11-01,2044-11-01,,25.6000,True,,1.0000,,
160,269,NGE7,Neuvilly-Briastre,éolien,CR,2026-09-01,2046-09-01,,11.5200,True,,1.0000,,
161,270,OP05,Optimisation Bois Désiré,éolien,CR,2073-11-16,2093-11-16,,0.0000,True,,1.0000,,
162,271,OP01,Optimisation Bois Ricart,éolien,CR,2073-11-16,2093-11-16,,0.0000,True,,1.0000,,
163,272,OP07,Optimisation Caumont-Chériennes,éolien,CR,2073-11-16,2093-11-16,,0.0000,True,,1.0000,,
164,273,OP02,Optimisation Marcillé,éolien,CR,2073-11-16,2093-11-16,,0.0000,True,,1.0000,,
165,274,OP12,Optimisation Mercoeur,éolien,CR,2073-11-16,2093-11-16,,0.0000,True,,1.0000,,
166,275,OP11,Optimisation Mont de Bagny II XMB,éolien,CR,2073-11-16,2093-11-16,,0.0000,True,,1.0000,,
167,276,OP08,Optimisation Moulin Blanc,éolien,CR,2073-11-16,2093-11-16,,0.0000,True,,1.0000,,
168,277,OP13,Optimisation potentielle 1,éolien,CR,2073-11-16,2093-11-16,,0.0000,True,,1.0000,,
169,278,OP14,Optimisation potentielle 2,éolien,CR,2073-11-16,2093-11-16,,0.0000,True,,1.0000,,
170,279,OP15,Optimisation potentielle 3,éolien,CR,2073-11-16,2093-11-16,,0.0000,True,,1.0000,,
171,280,OP16,Optimisation potentielle 4,éolien,CR,2073-11-16,2093-11-16,,0.0000,True,,1.0000,,
172,281,OP17,Optimisation potentielle 5,éolien,CR,2073-11-16,2093-11-16,,0.0000,True,,1.0000,,
173,282,OP06,Optimisation Préveranges,éolien,CR,2073-11-16,2093-11-16,,0.0000,True,,1.0000,,
174,283,OP09,Optimisation RIB2,éolien,CR,2073-11-16,2093-11-16,,0.0000,True,,1.0000,,
175,284,GO13,Bois Désiré,éolien,CR,2025-02-01,2045-02-01,,8.9000,True,,1.0000,,
176,285,N4,Ouest Château-Thierry (OCT)*,éolien,CR,2027-01-01,2047-01-01,,18.4230,True,,1.0000,,
177,286,N8,Ouest Vron (OVron),éolien,CR,2025-08-01,2045-08-01,,26.8800,True,,1.0000,,
178,287,B6,Plaisance,solaire,CR,2026-01-01,2046-01-01,,12.3120,True,,1.0000,,
179,288,AURA24,Mercoeur,éolien,CR,2025-02-01,2045-02-01,,31.3280,True,,1.0000,,
180,289,N3,Fontaine-lès-Boulans (FLB),éolien,CR,2025-04-01,2045-04-01,,18.4230,True,,1.0000,,
181,290,AURA26,Astet (La Verrerie),éolien,CR,2027-10-01,2047-10-01,,14.4000,True,,1.0000,,
182,291,AURA27,Lespéron (La Fayette),éolien,CR,2027-08-01,2047-08-01,,14.4000,True,,1.0000,,
183,292,SO18,Chantillac,solaire,CR,2026-04-01,2046-04-01,,15.3900,True,,1.0000,,
184,293,SO19,Prospection AK 2,solaire,CR,2026-12-01,2046-12-01,,4.9250,True,,1.0000,,
185,294,SO20,Prospection AK 3,solaire,CR,2027-05-01,2047-05-01,,4.9250,True,,1.0000,,
186,295,SO28,Prospection AK 4,solaire,CR,2027-08-01,2047-08-01,,3.9400,True,,1.0000,,
187,296,SO29,Prospection AK 5,solaire,CR,2027-02-01,2047-02-01,,4.9250,True,,1.0000,,
188,297,GO29,Prospection EOL GO 2022,éolien,CR,2028-07-01,2048-07-01,,11.5200,True,,1.0000,,
189,298,GO07,Prospection EOL Ouest 2022/2023 - 1 -,éolien,CR,2028-12-01,2048-12-01,,9.2160,True,,1.0000,,
190,299,GO24,Prospection EOL Ouest 2022/2023 - 2 -,éolien,CR,2028-10-01,2048-10-01,,9.2160,True,,1.0000,,
191,300,GO39,Prospection EOL Ouest 2022/2023 - 3 -,éolien,CR,2029-03-01,2049-03-01,,9.2160,True,,1.0000,,
192,301,GO40,Prospection EOL Ouest 2022/2023 - 4 -,éolien,CR,2029-06-01,2049-06-01,,7.3730,True,,1.0000,,
193,302,AURA29,Prospection PV MC - 1,solaire,CR,2026-05-01,2046-05-01,,6.1560,True,,1.0000,,
194,303,SO15,prospection éolien Bdx,éolien,CR,2028-11-01,2048-11-01,,9.2160,True,,1.0000,,
195,304,B9,Prospection Eolien Bdx 8,éolien,CR,2028-07-01,2048-07-01,,9.2160,True,,1.0000,,
196,305,AURA31,Orléat,solaire,CR,2025-12-01,2045-12-01,,12.3120,True,,1.0000,,
197,306,AURA34,Repowering La Citadelle,éolien,CR,2026-12-01,2046-12-01,,11.3760,True,,1.0000,,
198,307,AURA35,Repowering Ally Mercoeur,éolien,CR,2026-08-01,2046-08-01,,72.5760,True,,1.0000,,
199,308,AURA36,Repowering Sources de la Loire,éolien,CR,2027-12-01,2047-12-01,,17.2800,True,,1.0000,,
200,309,AURA38,Montilly,solaire,CR,2026-01-01,2046-01-01,,6.1560,True,,1.0000,,
201,310,AURA39,Prospection PV AURA - 6,solaire,CR,2026-11-01,2046-11-01,,4.9250,True,,1.0000,,
202,311,B8,Prospection éolien MPL,éolien,CR,2029-07-01,2049-07-01,,9.2160,True,,1.0000,,
203,312,NGE10,Prospection NGE 10,éolien,CR,2029-03-01,2049-03-01,,9.2160,True,,1.0000,,
204,313,NGE12,Prospection NGE 12 (PV),solaire,CR,2027-01-01,2047-01-01,,4.9250,True,,1.0000,,
205,314,NGE13,Prospection NGE 13,éolien,CR,2026-11-01,2046-11-01,,9.5840,True,,1.0000,,
206,315,NGE14,Prospection NGE 14 (PV),solaire,CR,2026-08-01,2046-08-01,,6.1560,True,,1.0000,,
207,316,NGE15,Prospection NGE 15 (PV),solaire,CR,2026-10-01,2046-10-01,,6.1560,True,,1.0000,,
208,317,NGE16,Prospection NGE 16 (PV),solaire,CR,2026-12-01,2046-12-01,,4.9250,True,,1.0000,,
209,318,NGE17,Prospection NGE 17 (PV),solaire,CR,2027-01-01,2047-01-01,,4.9250,True,,1.0000,,
210,319,NGE18,Prospection NGE 18,éolien,CR,2028-08-01,2048-08-01,,9.2160,True,,1.0000,,
211,320,NGE2,Prospection NGE 2 (PV),solaire,CR,2026-09-01,2046-09-01,,6.1560,True,,1.0000,,
212,321,NGE22,Prospection NGE 22 (PV),solaire,CR,2027-06-01,2047-06-01,,3.9400,True,,1.0000,,
213,322,NGE23,Prospection NGE 23 (PV),solaire,CR,2027-06-01,2047-06-01,,3.9400,True,,1.0000,,
214,323,NGE4,Prospection NGE 4 (PV),solaire,CR,2027-02-01,2047-02-01,,4.9250,True,,1.0000,,
215,324,NGE5,Prospection NGE 5,éolien,CR,2028-04-01,2048-04-01,,11.5200,True,,1.0000,,
216,325,NGE20,Prospection NGE20,éolien,CR,2029-03-01,2049-03-01,,9.2160,True,,1.0000,,
217,326,NGE21,Prospection NGE21,éolien,CR,2029-03-01,2049-03-01,,9.2160,True,,1.0000,,
218,327,GO06,Prospection PV 2022 (Igoville Commune),solaire,CR,2026-07-01,2046-07-01,,9.2340,True,,1.0000,,
219,328,AURA40,Prospection PV MC - 2,solaire,CR,2027-02-01,2047-02-01,,4.9250,True,,1.0000,,
220,329,AURA43,Prospection éolien AURA - 1,éolien,CR,2028-12-01,2048-12-01,,9.2160,True,,1.0000,,
221,330,AURA44,Prospection éolien MC - 2,éolien,CR,2028-10-01,2048-10-01,,9.2160,True,,1.0000,,
222,331,AURA45,Prospection PV MC - 4,solaire,CR,2026-11-01,2046-11-01,,4.9250,True,,1.0000,,
223,332,AURA46,Prospection éolien MC - 3,éolien,CR,2028-07-01,2048-07-01,,9.2160,True,,1.0000,,
224,333,AURA47,Agri-PV AURA -1,solaire,CR,2026-12-01,2046-12-01,,1.4770,True,,1.0000,,
225,334,AURA48,Agri-PV AURA -2,solaire,CR,2027-05-01,2047-05-01,,1.4770,True,,1.0000,,
226,335,BFC01,Clérimois II,éolien,CR,2027-06-01,2047-06-01,,17.2800,True,,1.0000,,
227,336,BFC02,Prospection éolien BFC - 1,éolien,CR,2028-09-01,2048-09-01,,9.2160,True,,1.0000,,
228,337,GO12,Prospection PV GO 2022 - 3 - ,solaire,CR,2027-01-01,2047-01-01,,7.3870,True,,1.0000,,
229,338,BFC03,Gurgy (Nouzeau),solaire,CR,2025-07-01,2045-07-01,,15.3900,True,,1.0000,,
230,339,BFC04,Rosoy (Plaine de Nange),solaire,CR,2024-03-01,2044-03-01,,21.5460,True,,1.0000,,
231,340,BFC05,Villemanoche CEMEX (La Herse),solaire,CR,2025-04-01,2045-04-01,,23.0850,True,,1.0000,,
232,341,BFC06,Prospection éolien BFC - 2,éolien,CR,2028-06-01,2048-06-01,,9.2160,True,,1.0000,,
233,342,GO30,Prospection PV Ouest - 1 -,solaire,CR,2027-03-01,2047-03-01,,7.3870,True,,1.0000,,
234,343,GO34,Prospection PV Ouest - 2 -,solaire,CR,2027-05-01,2047-05-01,,7.3870,True,,1.0000,,
235,344,GO35,Prospection PV Ouest - 3 -,solaire,CR,2027-06-01,2047-06-01,,7.3870,True,,1.0000,,
236,345,GO36,Prospection PV Ouest - 4 -,solaire,CR,2027-07-01,2047-07-01,,7.3870,True,,1.0000,,
237,346,GO37,Prospection PV Ouest - 5 -,solaire,CR,2027-10-01,2047-10-01,,5.9100,True,,1.0000,,
238,347,GO38,Prospection PV Ouest - 6 -,solaire,CR,2027-11-01,2047-11-01,,5.9100,True,,1.0000,,
239,348,S01,Prospection S 1,solaire,CR,2027-02-01,2047-02-01,,4.9250,True,,1.0000,,
240,349,S02,Prospection S 2,solaire,CR,2027-09-01,2047-09-01,,3.9400,True,,1.0000,,
241,350,S03,Prospection S 3,solaire,CR,2026-10-01,2046-10-01,,4.9250,True,,1.0000,,
242,351,S04,Prospection S 4,solaire,CR,2027-03-01,2047-03-01,,4.9250,True,,1.0000,,
243,352,S05,Prospection S 5,solaire,CR,2027-05-01,2047-05-01,,4.9250,True,,1.0000,,
244,353,S20,Prospection S20,solaire,CR,2027-08-01,2047-08-01,,3.9400,True,,1.0000,,
245,354,S21,Prospection S21,solaire,CR,2027-01-01,2047-01-01,,4.9250,True,,1.0000,,
246,355,S22,Prospection S22,solaire,CR,2027-05-01,2047-05-01,,4.9250,True,,1.0000,,
247,356,S23,Prospection S23,solaire,CR,2027-08-01,2047-08-01,,3.9400,True,,1.0000,,
248,357,S24,Prospection S24,solaire,CR,2028-05-01,2048-05-01,,3.9400,True,,1.0000,,
249,358,S25,Prospection S25,solaire,CR,2028-02-01,2048-02-01,,3.9400,True,,1.0000,,
250,359,S26,Prospection S26,solaire,CR,2027-10-01,2047-10-01,,3.9400,True,,1.0000,,
251,360,S27,Prospection S27,solaire,CR,2028-01-01,2048-01-01,,3.9400,True,,1.0000,,
252,361,S06,Prospection S6,solaire,CR,2027-05-01,2047-05-01,,4.9250,True,,1.0000,,
253,362,S07,Prospection S7,solaire,CR,2027-04-01,2047-04-01,,4.9250,True,,1.0000,,
254,363,S08,Prospection S8,solaire,CR,2027-02-01,2047-02-01,,4.9250,True,,1.0000,,
255,364,S19,Prospection S-O 11,solaire,CR,2027-09-01,2047-09-01,,3.9400,True,,1.0000,,
256,365,S16,Prospection S-O 7 (PV),solaire,CR,2027-06-01,2047-06-01,,3.9400,True,,1.0000,,
257,366,S17,Prospection S-O 8 (PV),solaire,CR,2026-09-01,2046-09-01,,6.1560,True,,1.0000,,
258,367,S10,Prospection S-O 9 (PV),solaire,CR,2026-07-01,2046-07-01,,6.1560,True,,1.0000,,
259,368,B4,Jean-Grégoire / folles,solaire,CR,2026-08-01,2046-08-01,,6.1560,True,,1.0000,,
260,369,B11,Prospection solaire Bdx 9,solaire,CR,2026-07-01,2046-07-01,,6.1560,True,,1.0000,,
261,370,B7,Prospection Solaire MPL,solaire,CR,2026-11-01,2046-11-01,,4.9250,True,,1.0000,,
262,371,B2,prospection solaire Nantes,solaire,CR,2026-11-01,2046-11-01,,4.9250,True,,1.0000,,
263,372,B10,Prospection solaire Nantes 2,solaire,CR,2026-07-01,2046-07-01,,6.1560,True,,1.0000,,
264,373,SE18,Prospection sud-est 10 (PV),solaire,CR,2026-12-01,2046-12-01,,4.9250,True,,1.0000,,
265,374,SE08,Prospection sud-est 3 (PV),solaire,CR,2026-11-01,2046-11-01,,4.9250,True,,1.0000,,
266,375,SE16,Prospection sud-est 8 (PV) - Le Luc / Pujaut / Villeneuve,solaire,CR,2026-11-01,2046-11-01,,2.9550,True,,1.0000,,
267,376,SE17,Prospection sud-est 9 (PV) - Riez / prospect ,solaire,CR,2026-06-01,2046-06-01,,3.6940,True,,1.0000,,
268,377,GO17,Prospection TL EOL 49/72,éolien,CR,2028-02-01,2048-02-01,,13.6800,True,,1.0000,,
269,378,GO09,Prospection TL PV 2022,solaire,CR,2026-10-01,2046-10-01,,9.2340,True,,1.0000,,
270,379,GE6,Vinets,éolien,CR,2026-05-01,2046-05-01,,32.0000,True,,1.0000,,
271,380,ECO6,Ostrevent (OST),éolien,CR,2026-03-01,2046-03-01,,17.6220,True,,1.0000,,
272,381,NGE3,Repowering Chasse Marée,éolien,CR,2026-12-01,2046-12-01,,9.5040,True,,1.0000,,
273,382,BFC07,Prospection PV BFC - 3,solaire,CR,2026-11-01,2046-11-01,,4.9250,True,,1.0000,,
274,383,GO26,Repowering Pannecé,éolien,CR,2025-10-01,2045-10-01,,24.0000,True,,1.0000,,
275,384,GO25,Repowering Plouguin,éolien,CR,2027-07-01,2047-07-01,,5.1840,True,,1.0000,,
276,385,BFC08,Prospection PV BFC - 1,solaire,CR,2026-10-01,2046-10-01,,6.1560,True,,1.0000,,
277,386,BFC09,Prospection PV BFC - 2,solaire,CR,2026-11-01,2046-11-01,,4.9250,True,,1.0000,,
278,387,NGE8,Repowering St-André,éolien,CR,2025-05-01,2045-05-01,,14.0000,True,,1.0000,,
279,388,NGE11,Repowering St-Patrick Hermin,éolien,CR,2026-12-01,2046-12-01,,11.5200,True,,1.0000,,
280,389,BFC10,Prospection PV BFC - 4,solaire,CR,2027-03-01,2047-03-01,,4.9250,True,,1.0000,,
281,390,GO18,Repowering Vaux des Roques,éolien,CR,2027-01-01,2047-01-01,,9.9360,True,,1.0000,,
282,391,SE04,La Motte (PV) ,solaire,CR,2024-10-01,2044-10-01,,7.0790,True,,1.0000,,
283,392,BFC11,Prospection PV BFC - 5,solaire,CR,2027-01-01,2047-01-01,,4.9250,True,,1.0000,,
284,393,BFC12,Prospection éolien BFC - 3,éolien,CR,2028-12-01,2048-12-01,,9.2160,True,,1.0000,,
285,394,BFC13,Prospection PV BFC - 3,solaire,CR,2027-05-01,2047-05-01,,4.9250,True,,1.0000,,
286,395,GO33,Saint-Evroult-de-Monfort,éolien,CR,2027-08-01,2047-08-01,,11.5200,True,,1.0000,,
287,396,GO05,Prospection EOL/PV,éolien,CR,2028-12-01,2048-12-01,,9.2160,True,,1.0000,,
288,397,GO28,SEIDER (CRI ou HEU2),éolien,CR,2027-11-01,2047-11-01,,9.2160,True,,1.0000,,
289,398,BFC14,Prospection éolien BFC - 4,éolien,CR,2029-06-01,2049-06-01,,7.3730,True,,1.0000,,
290,399,GO04,Silfiac,éolien,CR,2025-10-01,2045-10-01,,9.6000,True,,1.0000,,
291,400,SO13,Chauvigny,solaire,CR,2026-04-01,2046-04-01,,4.9250,True,,1.0000,,
292,401,SO09,St Christoly de Blaye,solaire,CR,2025-01-01,2045-01-01,,6.1560,True,,1.0000,,
293,402,GE9,STEP Dampierre,autre,CR,2026-12-01,2046-12-01,,0.0000,True,,1.0000,,
294,403,GO19,Repowering Ronchois,éolien,CR,2027-02-01,2047-02-01,,38.8800,True,,1.0000,,
295,404,SO21,Task solaire SO 1,solaire,CR,2027-05-01,2047-05-01,,4.9250,True,,1.0000,,
296,405,SO22,Task solaire SO 2,solaire,CR,2027-08-01,2047-08-01,,3.9400,True,,1.0000,,
297,406,SO14,Bruyeres - Glenic,éolien,CR,2026-11-01,2046-11-01,,13.3500,True,,1.0000,,
298,407,GO10,Repowering Grand-Camp ,éolien,CR,2025-03-01,2045-03-01,,9.6000,True,,1.0000,,
299,408,BFC15,Prospection PV BFC - 6,solaire,CR,2027-09-01,2047-09-01,,3.9400,True,,1.0000,,
300,409,NGE9,Repowering St-Patrick Valhuon,éolien,CR,2027-04-01,2047-04-01,,28.0800,True,,1.0000,,
301,410,NGE19,XLCB 2,éolien,CR,2027-08-01,2047-08-01,,7.1280,True,,1.0000,,
